transaction_id,card_id,timestamp,amount,merchant_category,country,card_present,is_fraud
txn_0000000,card_00044,2026-01-09T08:21:49Z,10.27,travel,GB,True,False
txn_0000001,card_00572,2026-01-07T17:41:19Z,22.93,travel,AE,False,False
txn_0000002,card_00589,2026-01-09T07:19:12Z,216.55,atm_withdrawal,US,True,False
txn_0000003,card_00677,2026-01-20T13:23:23Z,26.71,restaurant,DE,False,False
txn_0000004,card_00700,2026-01-08T09:58:36Z,25.1,online_retail,DE,False,False
txn_0000005,card_00439,2026-01-23T18:37:44Z,26.33,travel,IN,True,False
txn_0000006,card_00549,2026-01-14T11:47:21Z,103.3,electronics,SG,True,False
txn_0000007,card_00808,2026-01-11T23:12:52Z,263.21,atm_withdrawal,GB,False,False
txn_0000008,card_00348,2026-01-10T11:19:43Z,105.84,utilities,IN,False,False
txn_0000009,card_00191,2026-01-15T21:01:12Z,50.57,electronics,DE,False,False
txn_0000010,card_00517,2026-01-06T22:15:07Z,235.25,utilities,AE,False,False
txn_0000011,card_00226,2026-01-14T21:45:31Z,88.4,utilities,US,False,False
txn_0000012,card_00256,2026-01-02T18:54:14Z,31.28,travel,SG,True,False
txn_0000013,card_00241,2026-01-29T10:59:15Z,152.81,online_retail,SG,False,False
txn_0000014,card_00331,2026-01-16T18:54:40Z,203.79,electronics,SG,False,False
txn_0000015,card_00467,2026-01-29T03:57:43Z,161.16,fuel,SG,False,False
txn_0000016,card_00007,2026-01-10T16:02:55Z,41.97,electronics,AE,False,False
txn_0000017,card_00075,2026-01-21T20:29:11Z,31.6,grocery,US,False,False
txn_0000018,card_00007,2026-01-14T18:21:59Z,331.61,fuel,AE,True,True
txn_0000019,card_00541,2026-01-24T17:59:26Z,69.14,restaurant,SG,True,False
txn_0000020,card_00405,2026-01-10T20:47:25Z,200.6,restaurant,SG,True,False
txn_0000021,card_00888,2026-01-29T23:19:35Z,26.23,grocery,SG,False,False
txn_0000022,card_00194,2026-01-11T20:23:45Z,66.86,entertainment,AE,True,False
txn_0000023,card_00811,2026-01-15T05:10:31Z,42.03,utilities,AE,False,False
txn_0000024,card_00668,2026-01-30T18:35:31Z,209.24,entertainment,AE,True,False
txn_0000025,card_00404,2026-01-21T16:45:47Z,59.01,pharmacy,AE,False,False
txn_0000026,card_00171,2026-01-05T22:24:45Z,24.79,online_retail,IN,True,False
txn_0000027,card_00259,2026-01-10T20:05:11Z,42.95,pharmacy,GB,False,False
txn_0000028,card_00152,2026-01-19T00:06:52Z,126.81,restaurant,AE,True,False
txn_0000029,card_00810,2026-01-28T00:26:03Z,45.79,grocery,GB,True,False
txn_0000030,card_00853,2026-01-17T17:15:40Z,26.57,atm_withdrawal,US,True,False
txn_0000031,card_00728,2026-01-18T20:25:26Z,47.65,pharmacy,AE,False,False
txn_0000032,card_00092,2026-01-16T13:21:49Z,153.45,grocery,GB,False,False
txn_0000033,card_00821,2026-01-27T12:30:20Z,40.19,fuel,IN,True,False
txn_0000034,card_00747,2026-01-05T04:42:02Z,22.46,utilities,AE,True,False
txn_0000035,card_00442,2026-01-02T10:25:45Z,214.59,utilities,US,True,False
txn_0000036,card_00474,2026-01-23T04:12:11Z,320.47,grocery,SG,True,False
txn_0000037,card_00127,2026-01-25T11:49:26Z,178.53,atm_withdrawal,AE,True,False
txn_0000038,card_00260,2026-01-19T23:46:58Z,42.84,atm_withdrawal,IN,True,False
txn_0000039,card_00830,2026-01-07T09:17:40Z,36.08,grocery,GB,False,False
txn_0000040,card_00688,2026-01-23T20:04:56Z,320.57,restaurant,GB,True,True
txn_0000041,card_00785,2026-01-03T01:47:27Z,44.45,electronics,AE,False,False
txn_0000042,card_00324,2026-01-19T22:58:57Z,32.49,fuel,SG,False,False
txn_0000043,card_00698,2026-01-02T13:13:44Z,31.54,entertainment,DE,False,False
txn_0000044,card_00036,2026-01-02T03:07:23Z,32.72,entertainment,IN,False,False
txn_0000045,card_00822,2026-01-03T21:41:16Z,63.49,pharmacy,AE,False,False
txn_0000046,card_00235,2026-01-18T01:42:27Z,89.15,utilities,GB,True,False
txn_0000047,card_00092,2026-01-27T22:57:17Z,21.59,utilities,IN,True,False
txn_0000048,card_00842,2026-01-15T13:36:56Z,8.57,atm_withdrawal,AE,False,False
txn_0000049,card_00534,2026-01-30T18:41:12Z,22.3,atm_withdrawal,IN,True,False
txn_0000050,card_00363,2026-01-02T12:08:11Z,79.99,fuel,DE,True,False
txn_0000051,card_00655,2026-01-11T22:49:51Z,119.75,atm_withdrawal,DE,False,False
txn_0000052,card_00181,2026-01-07T05:25:24Z,38.23,electronics,US,True,False
txn_0000053,card_00339,2026-01-02T16:25:47Z,196.98,fuel,IN,False,False
txn_0000054,card_00440,2026-01-17T09:32:39Z,259.49,travel,AE,True,False
txn_0000055,card_00040,2026-01-05T23:36:44Z,26.58,pharmacy,GB,True,False
txn_0000056,card_00210,2026-01-07T13:12:00Z,96.39,online_retail,IN,False,False
txn_0000057,card_00819,2026-01-28T17:53:02Z,77.97,grocery,IN,True,False
txn_0000058,card_00136,2026-01-29T22:07:41Z,22.72,atm_withdrawal,DE,True,False
txn_0000059,card_00551,2026-01-30T20:54:48Z,82.19,grocery,DE,False,False
txn_0000060,card_00032,2026-01-03T13:21:23Z,271.88,restaurant,IN,True,False
txn_0000061,card_00339,2026-01-14T15:28:32Z,14.27,utilities,DE,True,False
txn_0000062,card_00410,2026-01-19T17:41:58Z,231.32,atm_withdrawal,AE,False,False
txn_0000063,card_00300,2026-01-10T13:56:09Z,121.01,entertainment,AE,False,False
txn_0000064,card_00662,2026-01-26T18:10:29Z,75.77,utilities,AE,True,False
txn_0000065,card_00107,2026-01-04T20:28:02Z,42.69,pharmacy,US,True,False
txn_0000066,card_00630,2026-01-01T06:28:30Z,2055.7,travel,AE,False,False
txn_0000067,card_00102,2026-01-28T20:35:42Z,6.7,electronics,US,True,False
txn_0000068,card_00508,2026-01-05T00:29:40Z,414.47,restaurant,GB,False,False
txn_0000069,card_00370,2026-01-09T00:14:12Z,146.44,atm_withdrawal,US,False,False
txn_0000070,card_00872,2026-01-23T02:14:21Z,103.72,entertainment,GB,False,False
txn_0000071,card_00564,2026-01-25T09:16:55Z,28.96,entertainment,IN,False,False
txn_0000072,card_00630,2026-01-11T12:16:03Z,3.98,pharmacy,GB,True,False
txn_0000073,card_00619,2026-01-14T08:51:48Z,64.87,fuel,SG,False,False
txn_0000074,card_00313,2026-01-23T11:59:23Z,430.06,fuel,IN,True,False
txn_0000075,card_00493,2026-01-20T17:51:39Z,24.68,pharmacy,GB,False,False
txn_0000076,card_00780,2026-01-27T13:48:13Z,111.45,grocery,GB,True,False
txn_0000077,card_00675,2026-01-16T17:39:31Z,17.07,entertainment,DE,False,False
txn_0000078,card_00086,2026-01-13T20:26:21Z,295.06,entertainment,GB,False,False
txn_0000079,card_00208,2026-01-02T00:43:19Z,21.57,pharmacy,US,True,False
txn_0000080,card_00492,2026-01-19T14:26:38Z,43.14,restaurant,IN,True,False
txn_0000081,card_00521,2026-01-15T08:46:03Z,83.62,utilities,US,False,False
txn_0000082,card_00188,2026-01-20T14:32:20Z,32.33,online_retail,SG,False,False
txn_0000083,card_00594,2026-01-19T11:45:50Z,26.36,atm_withdrawal,IN,True,False
txn_0000084,card_00690,2026-01-05T19:09:14Z,51.24,electronics,GB,False,False
txn_0000085,card_00536,2026-01-13T13:43:19Z,63.69,grocery,IN,False,False
txn_0000086,card_00747,2026-01-26T07:47:54Z,39.43,entertainment,AE,False,False
txn_0000087,card_00578,2026-01-16T18:30:11Z,420.98,online_retail,SG,True,False
txn_0000088,card_00426,2026-01-04T23:19:48Z,90.02,electronics,DE,True,False
txn_0000089,card_00278,2026-01-07T08:31:11Z,114.38,entertainment,DE,False,False
txn_0000090,card_00813,2026-01-23T09:41:06Z,44.01,online_retail,IN,False,False
txn_0000091,card_00175,2026-01-29T02:41:44Z,155.48,electronics,AE,True,False
txn_0000092,card_00086,2026-01-08T12:34:52Z,198.62,utilities,SG,True,False
txn_0000093,card_00486,2026-01-10T18:35:08Z,762.81,travel,GB,True,True
txn_0000094,card_00047,2026-01-24T00:21:28Z,146.43,utilities,SG,True,False
txn_0000095,card_00111,2026-01-18T22:26:51Z,44.13,electronics,DE,True,False
txn_0000096,card_00774,2026-01-21T11:03:33Z,22.2,restaurant,AE,True,False
txn_0000097,card_00511,2026-01-05T13:39:18Z,61.06,restaurant,IN,True,False
txn_0000098,card_00691,2026-01-25T03:31:10Z,72.35,restaurant,GB,False,False
txn_0000099,card_00714,2026-01-20T02:50:21Z,100.25,entertainment,GB,True,False
txn_0000100,card_00759,2026-01-15T22:12:06Z,81.1,atm_withdrawal,AE,True,False
txn_0000101,card_00422,2026-01-16T19:38:24Z,117.09,travel,SG,True,False
txn_0000102,card_00714,2026-01-14T21:48:43Z,111.45,fuel,DE,True,False
txn_0000103,card_00517,2026-01-25T06:23:47Z,102.28,fuel,DE,True,False
txn_0000104,card_00514,2026-01-09T10:46:10Z,19.57,restaurant,US,False,False
txn_0000105,card_00394,2026-01-24T14:20:11Z,63.2,electronics,GB,True,False
txn_0000106,card_00228,2026-01-15T22:16:52Z,295.89,atm_withdrawal,SG,True,False
txn_0000107,card_00058,2026-01-17T03:22:51Z,112.82,restaurant,GB,False,False
txn_0000108,card_00008,2026-01-27T02:37:20Z,30.47,pharmacy,AE,True,False
txn_0000109,card_00668,2026-01-18T11:07:49Z,226.85,utilities,SG,True,False
txn_0000110,card_00788,2026-01-19T04:26:00Z,31.94,travel,DE,False,False
txn_0000111,card_00701,2026-01-12T00:17:08Z,117.74,pharmacy,GB,True,False
txn_0000112,card_00462,2026-01-22T06:52:31Z,10.32,electronics,DE,True,False
txn_0000113,card_00620,2026-01-11T03:26:54Z,79.27,entertainment,US,False,False
txn_0000114,card_00881,2026-01-15T20:13:29Z,132.93,electronics,IN,True,False
txn_0000115,card_00317,2026-01-03T00:09:44Z,91.6,travel,AE,True,False
txn_0000116,card_00265,2026-01-10T06:08:23Z,28.0,grocery,AE,False,False
txn_0000117,card_00083,2026-01-17T00:42:45Z,123.26,entertainment,IN,True,False
txn_0000118,card_00788,2026-01-24T15:28:51Z,13.14,grocery,US,True,False
txn_0000119,card_00772,2026-01-11T09:16:14Z,379.93,utilities,DE,False,False
txn_0000120,card_00457,2026-01-30T23:53:40Z,78.45,entertainment,DE,False,False
txn_0000121,card_00247,2026-01-28T00:09:22Z,71.88,online_retail,IN,False,False
txn_0000122,card_00466,2026-01-03T03:56:25Z,75.03,electronics,IN,True,False
txn_0000123,card_00474,2026-01-15T23:57:38Z,53.33,entertainment,US,True,False
txn_0000124,card_00243,2026-01-14T08:23:23Z,64.98,grocery,US,False,False
txn_0000125,card_00091,2026-01-20T19:46:52Z,70.93,restaurant,AE,True,False
txn_0000126,card_00415,2026-01-02T02:54:08Z,208.58,online_retail,IN,False,False
txn_0000127,card_00596,2026-01-16T03:40:23Z,13.46,pharmacy,AE,False,False
txn_0000128,card_00697,2026-01-18T12:28:50Z,1018.33,online_retail,DE,True,False
txn_0000129,card_00529,2026-01-21T01:49:15Z,35.0,restaurant,US,True,False
txn_0000130,card_00067,2026-01-06T23:49:29Z,28.69,grocery,SG,True,False
txn_0000131,card_00009,2026-01-17T14:42:30Z,32.54,pharmacy,US,False,False
txn_0000132,card_00155,2026-01-29T23:27:44Z,58.24,travel,GB,True,False
txn_0000133,card_00743,2026-01-07T17:03:27Z,86.11,utilities,US,True,False
txn_0000134,card_00259,2026-01-02T07:56:27Z,168.48,electronics,AE,False,False
txn_0000135,card_00251,2026-01-07T01:55:33Z,8.44,restaurant,GB,True,False
txn_0000136,card_00080,2026-01-01T04:23:30Z,16.08,restaurant,US,True,False
txn_0000137,card_00443,2026-01-22T04:17:56Z,160.31,travel,GB,True,False
txn_0000138,card_00566,2026-01-11T20:35:22Z,20.08,travel,DE,True,False
txn_0000139,card_00814,2026-01-09T15:26:48Z,24.76,entertainment,GB,False,False
txn_0000140,card_00211,2026-01-20T20:29:53Z,49.47,online_retail,US,True,False
txn_0000141,card_00876,2026-01-18T02:08:57Z,20.82,grocery,US,True,False
txn_0000142,card_00119,2026-01-13T02:23:53Z,130.71,entertainment,DE,True,False
txn_0000143,card_00194,2026-01-06T17:34:30Z,44.17,travel,US,False,False
txn_0000144,card_00470,2026-01-30T05:44:20Z,67.1,online_retail,AE,False,False
txn_0000145,card_00457,2026-01-11T18:15:30Z,73.84,atm_withdrawal,DE,True,False
txn_0000146,card_00488,2026-01-19T07:38:56Z,57.62,online_retail,AE,False,False
txn_0000147,card_00130,2026-01-17T01:40:55Z,65.67,travel,US,True,False
txn_0000148,card_00502,2026-01-26T02:19:17Z,36.29,restaurant,AE,False,False
txn_0000149,card_00873,2026-01-30T21:24:06Z,58.44,entertainment,IN,False,False
txn_0000150,card_00179,2026-01-25T03:36:50Z,1350.55,online_retail,GB,False,False
txn_0000151,card_00312,2026-01-18T03:02:23Z,247.75,restaurant,IN,True,False
txn_0000152,card_00326,2026-01-30T11:46:23Z,59.09,pharmacy,DE,False,False
txn_0000153,card_00106,2026-01-11T05:53:20Z,82.08,utilities,IN,False,False
txn_0000154,card_00441,2026-01-12T22:15:11Z,27.0,utilities,GB,False,False
txn_0000155,card_00894,2026-01-08T17:25:04Z,20.12,utilities,DE,True,False
txn_0000156,card_00615,2026-01-04T01:27:51Z,56.36,restaurant,GB,False,False
txn_0000157,card_00259,2026-01-30T22:07:42Z,13.84,atm_withdrawal,AE,True,False
txn_0000158,card_00564,2026-01-16T06:52:51Z,46.67,restaurant,GB,True,False
txn_0000159,card_00431,2026-01-13T11:03:23Z,59.31,online_retail,IN,False,False
txn_0000160,card_00719,2026-01-13T12:50:15Z,246.2,travel,AE,False,False
txn_0000161,card_00444,2026-01-15T03:48:01Z,39.07,grocery,DE,False,False
txn_0000162,card_00439,2026-01-16T21:12:48Z,34.04,pharmacy,GB,True,False
txn_0000163,card_00837,2026-01-19T13:50:31Z,262.12,electronics,IN,True,False
txn_0000164,card_00510,2026-01-04T00:54:41Z,7.25,fuel,IN,True,False
txn_0000165,card_00652,2026-01-27T10:06:47Z,50.07,pharmacy,SG,True,False
txn_0000166,card_00364,2026-01-23T00:39:57Z,6.57,pharmacy,DE,True,False
txn_0000167,card_00574,2026-01-06T20:42:19Z,562.54,atm_withdrawal,DE,True,False
txn_0000168,card_00430,2026-01-14T01:36:44Z,98.18,travel,DE,False,False
txn_0000169,card_00214,2026-01-28T08:32:32Z,236.3,fuel,US,False,False
txn_0000170,card_00445,2026-01-18T06:27:19Z,785.88,restaurant,AE,False,False
txn_0000171,card_00827,2026-01-28T20:33:07Z,104.03,pharmacy,AE,True,False
txn_0000172,card_00654,2026-01-01T09:48:02Z,69.79,online_retail,US,False,False
txn_0000173,card_00016,2026-01-06T23:12:21Z,246.29,pharmacy,AE,True,False
txn_0000174,card_00755,2026-01-22T01:39:59Z,40.52,travel,AE,False,False
txn_0000175,card_00030,2026-01-16T05:47:31Z,48.62,atm_withdrawal,DE,True,False
txn_0000176,card_00817,2026-01-15T21:31:38Z,1417.82,restaurant,IN,True,False
txn_0000177,card_00707,2026-01-26T19:55:07Z,62.11,restaurant,DE,False,False
txn_0000178,card_00439,2026-01-13T00:40:37Z,1260.57,entertainment,SG,False,False
txn_0000179,card_00130,2026-01-06T09:30:54Z,86.29,pharmacy,US,False,False
txn_0000180,card_00348,2026-01-28T05:24:46Z,230.0,electronics,IN,True,False
txn_0000181,card_00334,2026-01-30T04:27:08Z,16.3,grocery,US,True,False
txn_0000182,card_00133,2026-01-25T00:58:26Z,9.43,entertainment,SG,True,False
txn_0000183,card_00899,2026-01-30T04:21:48Z,36.85,pharmacy,GB,True,False
txn_0000184,card_00187,2026-01-27T01:12:49Z,377.11,travel,DE,False,False
txn_0000185,card_00362,2026-01-20T06:58:16Z,235.82,grocery,IN,True,False
txn_0000186,card_00586,2026-01-20T08:14:11Z,58.04,pharmacy,SG,True,False
txn_0000187,card_00436,2026-01-05T14:10:43Z,5.78,travel,US,True,False
txn_0000188,card_00753,2026-01-07T13:00:55Z,61.8,online_retail,IN,True,False
txn_0000189,card_00837,2026-01-28T19:49:47Z,4.83,travel,US,False,False
txn_0000190,card_00541,2026-01-13T08:51:16Z,6.9,restaurant,AE,True,False
txn_0000191,card_00533,2026-01-12T21:59:47Z,83.85,grocery,AE,True,False
txn_0000192,card_00748,2026-01-11T21:01:08Z,37.41,travel,GB,False,False
txn_0000193,card_00684,2026-01-16T19:35:56Z,32.31,entertainment,SG,False,False
txn_0000194,card_00575,2026-01-22T02:02:30Z,11.97,entertainment,IN,False,False
txn_0000195,card_00767,2026-01-12T14:35:35Z,259.07,atm_withdrawal,AE,False,False
txn_0000196,card_00723,2026-01-14T22:59:48Z,11.45,entertainment,SG,True,False
txn_0000197,card_00629,2026-01-12T17:26:52Z,165.9,atm_withdrawal,US,True,False
txn_0000198,card_00103,2026-01-08T11:10:27Z,22.12,travel,US,True,False
txn_0000199,card_00551,2026-01-23T10:25:18Z,109.81,pharmacy,GB,True,False
txn_0000200,card_00531,2026-01-27T20:03:12Z,23.46,fuel,IN,False,False
txn_0000201,card_00294,2026-01-07T13:35:50Z,24.71,electronics,AE,True,False
txn_0000202,card_00470,2026-01-03T11:10:17Z,18.57,pharmacy,AE,True,False
txn_0000203,card_00550,2026-01-03T04:30:09Z,118.25,atm_withdrawal,DE,False,False
txn_0000204,card_00027,2026-01-01T17:22:52Z,10.53,restaurant,DE,True,False
txn_0000205,card_00155,2026-01-05T17:25:35Z,91.36,atm_withdrawal,GB,False,False
txn_0000206,card_00371,2026-01-15T12:32:52Z,33.38,atm_withdrawal,US,True,False
txn_0000207,card_00329,2026-01-14T13:35:30Z,106.36,pharmacy,DE,False,False
txn_0000208,card_00192,2026-01-09T03:27:13Z,11.84,entertainment,US,True,False
txn_0000209,card_00105,2026-01-26T05:57:29Z,44.18,entertainment,US,False,False
txn_0000210,card_00352,2026-01-29T07:32:52Z,10.21,pharmacy,US,True,False
txn_0000211,card_00129,2026-01-01T00:44:09Z,21.8,entertainment,AE,True,False
txn_0000212,card_00863,2026-01-16T05:06:38Z,131.43,atm_withdrawal,DE,True,False
txn_0000213,card_00133,2026-01-30T21:49:07Z,64.47,entertainment,AE,False,False
txn_0000214,card_00160,2026-01-17T01:49:36Z,123.15,pharmacy,IN,True,False
txn_0000215,card_00613,2026-01-18T08:28:15Z,89.97,entertainment,GB,True,False
txn_0000216,card_00452,2026-01-24T15:30:44Z,989.41,entertainment,US,True,False
txn_0000217,card_00012,2026-01-02T04:14:23Z,113.36,electronics,US,True,False
txn_0000218,card_00766,2026-01-22T02:08:42Z,273.71,grocery,GB,True,False
txn_0000219,card_00425,2026-01-19T19:46:30Z,59.16,pharmacy,GB,True,False
txn_0000220,card_00098,2026-01-06T20:55:39Z,87.98,electronics,DE,False,False
txn_0000221,card_00539,2026-01-23T09:54:56Z,421.63,pharmacy,SG,False,False
txn_0000222,card_00389,2026-01-14T04:33:32Z,43.08,grocery,IN,True,False
txn_0000223,card_00491,2026-01-14T14:31:25Z,74.33,atm_withdrawal,US,True,False
txn_0000224,card_00206,2026-01-29T06:51:57Z,54.74,grocery,IN,False,False
txn_0000225,card_00307,2026-01-23T17:41:51Z,129.02,entertainment,AE,True,False
txn_0000226,card_00810,2026-01-25T23:40:11Z,280.15,utilities,US,True,False
txn_0000227,card_00493,2026-01-11T15:23:29Z,82.33,pharmacy,DE,True,False
txn_0000228,card_00252,2026-01-27T22:57:24Z,80.69,travel,DE,False,False
txn_0000229,card_00566,2026-01-29T21:03:36Z,1046.17,travel,DE,True,False
txn_0000230,card_00466,2026-01-05T20:05:59Z,250.82,online_retail,DE,True,False
txn_0000231,card_00167,2026-01-16T07:50:29Z,175.87,fuel,IN,True,False
txn_0000232,card_00670,2026-01-22T06:51:47Z,7.94,electronics,SG,False,False
txn_0000233,card_00419,2026-01-04T04:09:00Z,37.58,grocery,DE,False,False
txn_0000234,card_00655,2026-01-05T08:27:59Z,38.46,pharmacy,AE,False,False
txn_0000235,card_00557,2026-01-21T08:42:57Z,188.13,atm_withdrawal,IN,False,False
txn_0000236,card_00059,2026-01-24T03:10:49Z,32.19,entertainment,IN,False,False
txn_0000237,card_00213,2026-01-26T23:39:03Z,47.4,atm_withdrawal,US,False,False
txn_0000238,card_00649,2026-01-12T06:08:03Z,667.57,utilities,SG,False,False
txn_0000239,card_00392,2026-01-28T04:44:21Z,41.0,restaurant,IN,True,False
txn_0000240,card_00140,2026-01-18T14:58:22Z,580.7,entertainment,SG,True,False
txn_0000241,card_00787,2026-01-16T07:49:49Z,38.76,pharmacy,SG,False,False
txn_0000242,card_00486,2026-01-26T14:20:18Z,72.19,utilities,GB,True,False
txn_0000243,card_00203,2026-01-12T21:17:56Z,17.33,atm_withdrawal,US,True,False
txn_0000244,card_00213,2026-01-02T10:06:19Z,21.64,grocery,DE,True,False
txn_0000245,card_00652,2026-01-13T08:28:20Z,88.06,atm_withdrawal,SG,True,False
txn_0000246,card_00161,2026-01-07T06:28:45Z,111.06,utilities,DE,False,False
txn_0000247,card_00228,2026-01-17T14:42:20Z,37.59,pharmacy,DE,True,False
txn_0000248,card_00389,2026-01-08T15:57:17Z,32.67,online_retail,SG,True,False
txn_0000249,card_00427,2026-01-08T23:28:57Z,1843.62,entertainment,SG,True,False
txn_0000250,card_00021,2026-01-05T23:35:28Z,8.42,online_retail,IN,False,False
txn_0000251,card_00824,2026-01-18T06:13:22Z,630.27,online_retail,DE,False,False
txn_0000252,card_00084,2026-01-28T22:02:42Z,19.74,fuel,US,True,False
txn_0000253,card_00812,2026-01-30T19:49:20Z,37.85,pharmacy,SG,False,False
txn_0000254,card_00128,2026-01-19T20:17:11Z,320.07,electronics,AE,False,False
txn_0000255,card_00893,2026-01-05T11:24:36Z,119.4,restaurant,SG,True,False
txn_0000256,card_00246,2026-01-29T06:20:49Z,53.87,atm_withdrawal,IN,False,False
txn_0000257,card_00233,2026-01-19T03:54:29Z,143.62,fuel,IN,True,False
txn_0000258,card_00266,2026-01-02T04:51:59Z,16.67,pharmacy,DE,False,False
txn_0000259,card_00692,2026-01-26T21:16:03Z,195.6,pharmacy,AE,False,False
txn_0000260,card_00040,2026-01-27T03:23:54Z,23.06,pharmacy,US,False,False
txn_0000261,card_00765,2026-01-23T21:44:42Z,112.46,utilities,IN,True,False
txn_0000262,card_00700,2026-01-21T23:53:52Z,312.01,fuel,DE,True,False
txn_0000263,card_00129,2026-01-09T01:18:07Z,23.67,restaurant,GB,False,False
txn_0000264,card_00186,2026-01-29T06:52:19Z,8.55,grocery,AE,True,False
txn_0000265,card_00538,2026-01-19T17:52:46Z,32.84,atm_withdrawal,AE,True,False
txn_0000266,card_00470,2026-01-25T07:56:29Z,607.8,online_retail,AE,True,False
txn_0000267,card_00466,2026-01-10T11:54:09Z,179.66,grocery,AE,True,False
txn_0000268,card_00849,2026-01-03T20:52:47Z,34.08,restaurant,SG,True,False
txn_0000269,card_00057,2026-01-11T12:08:25Z,23.9,electronics,US,False,False
txn_0000270,card_00692,2026-01-18T16:24:46Z,20.09,pharmacy,IN,True,False
txn_0000271,card_00524,2026-01-26T01:50:07Z,122.3,atm_withdrawal,AE,True,False
txn_0000272,card_00367,2026-01-24T19:06:53Z,18.78,fuel,GB,True,False
txn_0000273,card_00381,2026-01-05T10:24:14Z,668.12,utilities,GB,False,False
txn_0000274,card_00101,2026-01-02T17:31:28Z,36.7,fuel,GB,True,False
txn_0000275,card_00131,2026-01-05T07:25:34Z,87.97,atm_withdrawal,DE,False,False
txn_0000276,card_00753,2026-01-03T20:32:11Z,66.22,fuel,IN,False,False
txn_0000277,card_00188,2026-01-21T21:11:06Z,101.7,grocery,GB,True,False
txn_0000278,card_00830,2026-01-02T14:14:54Z,72.16,pharmacy,SG,False,False
txn_0000279,card_00592,2026-01-10T03:45:32Z,55.1,utilities,DE,False,False
txn_0000280,card_00467,2026-01-26T20:15:30Z,163.74,utilities,SG,False,False
txn_0000281,card_00272,2026-01-06T10:02:46Z,25.21,electronics,US,True,False
txn_0000282,card_00271,2026-01-10T12:33:32Z,31.62,restaurant,GB,False,False
txn_0000283,card_00099,2026-01-13T23:05:40Z,116.82,pharmacy,AE,False,False
txn_0000284,card_00089,2026-01-17T09:46:38Z,21.46,restaurant,DE,True,False
txn_0000285,card_00324,2026-01-05T03:35:24Z,82.5,restaurant,AE,True,False
txn_0000286,card_00182,2026-01-08T17:18:03Z,578.32,fuel,SG,False,False
txn_0000287,card_00517,2026-01-12T07:16:00Z,198.2,entertainment,GB,False,False
txn_0000288,card_00377,2026-01-11T01:18:32Z,59.17,grocery,GB,False,False
txn_0000289,card_00453,2026-01-18T08:56:37Z,91.87,restaurant,IN,True,False
txn_0000290,card_00280,2026-01-23T07:43:59Z,446.58,electronics,GB,True,False
txn_0000291,card_00608,2026-01-16T12:04:04Z,36.28,online_retail,GB,True,False
txn_0000292,card_00463,2026-01-27T23:14:49Z,215.17,entertainment,SG,True,False
txn_0000293,card_00057,2026-01-13T13:28:17Z,8.35,entertainment,SG,False,False
txn_0000294,card_00547,2026-01-10T10:05:24Z,77.16,utilities,DE,False,False
txn_0000295,card_00558,2026-01-15T14:46:06Z,72.56,online_retail,IN,True,False
txn_0000296,card_00807,2026-01-16T22:12:21Z,82.52,utilities,IN,False,False
txn_0000297,card_00793,2026-01-17T02:59:27Z,38.27,pharmacy,AE,True,False
txn_0000298,card_00525,2026-01-20T18:51:18Z,439.43,fuel,IN,True,True
txn_0000299,card_00030,2026-01-23T22:24:05Z,63.72,electronics,GB,True,False
txn_0000300,card_00040,2026-01-12T16:10:21Z,134.0,electronics,GB,True,False
txn_0000301,card_00310,2026-01-22T11:50:57Z,61.52,entertainment,AE,False,False
txn_0000302,card_00066,2026-01-19T03:48:36Z,71.51,utilities,DE,True,False
txn_0000303,card_00851,2026-01-03T16:18:44Z,215.89,fuel,IN,True,False
txn_0000304,card_00707,2026-01-10T23:57:00Z,616.74,electronics,IN,False,True
txn_0000305,card_00798,2026-01-19T13:33:14Z,26.54,entertainment,IN,False,False
txn_0000306,card_00613,2026-01-06T18:25:16Z,29.99,grocery,SG,True,False
txn_0000307,card_00436,2026-01-18T07:22:04Z,47.64,fuel,AE,True,False
txn_0000308,card_00104,2026-01-18T10:09:20Z,220.96,atm_withdrawal,US,True,False
txn_0000309,card_00253,2026-01-26T17:42:55Z,40.62,entertainment,US,True,False
txn_0000310,card_00320,2026-01-30T03:34:00Z,481.89,fuel,AE,False,False
txn_0000311,card_00824,2026-01-03T19:51:54Z,159.36,entertainment,SG,True,False
txn_0000312,card_00249,2026-01-05T01:27:55Z,52.06,online_retail,DE,True,False
txn_0000313,card_00297,2026-01-03T05:18:29Z,100.62,electronics,IN,False,False
txn_0000314,card_00327,2026-01-10T08:26:02Z,32.11,atm_withdrawal,GB,False,False
txn_0000315,card_00557,2026-01-20T07:06:23Z,13.13,utilities,US,False,False
txn_0000316,card_00223,2026-01-05T03:30:29Z,119.54,restaurant,IN,False,False
txn_0000317,card_00197,2026-01-01T03:13:52Z,94.85,grocery,GB,False,False
txn_0000318,card_00183,2026-01-27T04:15:59Z,73.54,entertainment,AE,False,False
txn_0000319,card_00615,2026-01-21T07:54:38Z,149.05,atm_withdrawal,DE,True,False
txn_0000320,card_00136,2026-01-11T14:11:51Z,135.47,fuel,IN,False,False
txn_0000321,card_00010,2026-01-18T17:10:55Z,76.59,restaurant,AE,True,False
txn_0000322,card_00522,2026-01-09T17:12:59Z,56.5,atm_withdrawal,DE,True,False
txn_0000323,card_00434,2026-01-13T21:08:43Z,102.41,atm_withdrawal,US,False,False
txn_0000324,card_00880,2026-01-22T00:34:39Z,120.1,fuel,AE,False,False
txn_0000325,card_00802,2026-01-05T12:25:07Z,175.57,online_retail,IN,True,False
txn_0000326,card_00274,2026-01-25T09:22:04Z,148.51,restaurant,IN,True,False
txn_0000327,card_00006,2026-01-30T13:38:33Z,603.99,restaurant,IN,True,True
txn_0000328,card_00773,2026-01-10T18:16:59Z,29.24,fuel,US,True,False
txn_0000329,card_00892,2026-01-12T04:27:06Z,60.63,electronics,DE,True,False
txn_0000330,card_00346,2026-01-08T11:41:14Z,100.25,utilities,US,False,False
txn_0000331,card_00416,2026-01-13T14:49:36Z,44.69,entertainment,GB,False,False
txn_0000332,card_00528,2026-01-03T20:26:42Z,34.9,online_retail,DE,True,False
txn_0000333,card_00024,2026-01-18T12:24:33Z,198.59,travel,US,True,False
txn_0000334,card_00866,2026-01-08T04:31:04Z,7.94,atm_withdrawal,US,True,False
txn_0000335,card_00492,2026-01-15T13:54:18Z,162.12,travel,DE,True,False
txn_0000336,card_00671,2026-01-16T16:49:21Z,35.35,grocery,AE,True,False
txn_0000337,card_00538,2026-01-14T17:58:08Z,149.29,electronics,IN,True,False
txn_0000338,card_00276,2026-01-14T17:20:48Z,24.03,entertainment,IN,False,False
txn_0000339,card_00016,2026-01-22T22:02:39Z,31.86,travel,GB,False,False
txn_0000340,card_00073,2026-01-07T07:18:05Z,10.77,entertainment,US,False,False
txn_0000341,card_00875,2026-01-23T21:34:38Z,128.48,fuel,AE,True,False
txn_0000342,card_00764,2026-01-17T16:12:55Z,27.21,atm_withdrawal,DE,False,False
txn_0000343,card_00254,2026-01-25T12:22:08Z,2434.89,travel,US,False,True
txn_0000344,card_00886,2026-01-21T13:46:59Z,70.65,atm_withdrawal,SG,True,False
txn_0000345,card_00026,2026-01-01T15:22:49Z,30.31,online_retail,US,True,False
txn_0000346,card_00527,2026-01-12T06:23:58Z,17.6,pharmacy,IN,True,False
txn_0000347,card_00853,2026-01-01T16:21:58Z,221.14,pharmacy,SG,True,False
txn_0000348,card_00770,2026-01-27T06:18:48Z,22.74,restaurant,US,False,False
txn_0000349,card_00564,2026-01-05T08:11:18Z,19.78,grocery,IN,True,False
txn_0000350,card_00622,2026-01-18T20:25:27Z,499.79,online_retail,US,False,False
txn_0000351,card_00180,2026-01-03T13:08:32Z,210.79,pharmacy,AE,True,False
txn_0000352,card_00840,2026-01-01T11:54:29Z,5.79,pharmacy,IN,False,False
txn_0000353,card_00352,2026-01-05T18:10:55Z,54.2,atm_withdrawal,IN,True,False
txn_0000354,card_00177,2026-01-26T22:23:18Z,158.0,atm_withdrawal,DE,False,False
txn_0000355,card_00557,2026-01-06T04:44:56Z,108.35,travel,IN,True,False
txn_0000356,card_00549,2026-01-28T16:22:16Z,17.76,restaurant,DE,True,False
txn_0000357,card_00107,2026-01-18T08:38:30Z,26.64,online_retail,SG,True,False
txn_0000358,card_00147,2026-01-23T13:59:24Z,94.48,grocery,SG,True,False
txn_0000359,card_00671,2026-01-16T16:23:31Z,192.39,travel,SG,True,False
txn_0000360,card_00634,2026-01-11T13:14:51Z,138.86,travel,IN,False,False
txn_0000361,card_00658,2026-01-09T03:01:48Z,20.04,pharmacy,DE,True,False
txn_0000362,card_00774,2026-01-12T19:51:12Z,170.9,pharmacy,DE,False,False
txn_0000363,card_00780,2026-01-02T13:37:15Z,39.12,fuel,SG,True,False
txn_0000364,card_00497,2026-01-18T12:33:09Z,458.04,travel,IN,True,True
txn_0000365,card_00684,2026-01-19T08:19:21Z,12.03,utilities,IN,True,False
txn_0000366,card_00115,2026-01-14T10:20:03Z,18.46,utilities,IN,False,False
txn_0000367,card_00719,2026-01-20T11:32:22Z,29.31,grocery,GB,False,False
txn_0000368,card_00081,2026-01-27T06:53:54Z,225.87,pharmacy,DE,True,False
txn_0000369,card_00898,2026-01-22T09:29:41Z,141.08,fuel,US,True,False
txn_0000370,card_00759,2026-01-01T09:54:08Z,143.97,pharmacy,AE,False,False
txn_0000371,card_00866,2026-01-30T09:41:53Z,161.42,travel,IN,True,False
txn_0000372,card_00550,2026-01-15T08:59:50Z,57.93,online_retail,US,True,False
txn_0000373,card_00600,2026-01-12T07:41:22Z,108.2,travel,AE,True,False
txn_0000374,card_00082,2026-01-03T11:31:57Z,121.21,utilities,AE,False,False
txn_0000375,card_00170,2026-01-05T04:46:02Z,20.96,atm_withdrawal,DE,True,False
txn_0000376,card_00270,2026-01-20T07:41:06Z,26.23,entertainment,US,False,False
txn_0000377,card_00367,2026-01-29T12:39:35Z,6.69,entertainment,GB,True,False
txn_0000378,card_00087,2026-01-30T00:21:24Z,416.93,grocery,IN,False,False
txn_0000379,card_00886,2026-01-07T13:14:13Z,76.82,atm_withdrawal,SG,False,False
txn_0000380,card_00722,2026-01-06T02:56:35Z,174.46,entertainment,DE,True,False
txn_0000381,card_00717,2026-01-28T07:40:25Z,67.71,online_retail,AE,True,False
txn_0000382,card_00810,2026-01-04T23:58:54Z,98.98,grocery,GB,True,True
txn_0000383,card_00382,2026-01-06T16:54:50Z,533.51,electronics,DE,True,False
txn_0000384,card_00832,2026-01-18T17:47:12Z,50.72,atm_withdrawal,GB,True,False
txn_0000385,card_00193,2026-01-10T13:48:27Z,54.48,utilities,IN,False,False
txn_0000386,card_00861,2026-01-21T11:38:16Z,114.5,atm_withdrawal,IN,False,False
txn_0000387,card_00774,2026-01-07T10:37:08Z,25.99,utilities,US,False,False
txn_0000388,card_00290,2026-01-12T07:19:33Z,12.23,online_retail,US,False,False
txn_0000389,card_00859,2026-01-25T14:50:40Z,28.58,grocery,US,True,False
txn_0000390,card_00898,2026-01-17T19:02:33Z,29.94,travel,US,False,False
txn_0000391,card_00016,2026-01-19T05:39:32Z,5.7,entertainment,AE,False,False
txn_0000392,card_00347,2026-01-19T20:15:01Z,131.64,online_retail,SG,False,False
txn_0000393,card_00042,2026-01-11T22:51:38Z,97.73,utilities,AE,True,False
txn_0000394,card_00244,2026-01-27T02:13:24Z,15.98,fuel,AE,True,False
txn_0000395,card_00813,2026-01-16T20:31:55Z,195.09,pharmacy,DE,True,False
txn_0000396,card_00122,2026-01-16T20:02:21Z,19.03,restaurant,IN,True,False
txn_0000397,card_00075,2026-01-16T20:13:19Z,28.93,fuel,SG,False,False
txn_0000398,card_00380,2026-01-20T17:06:17Z,14.07,grocery,SG,True,False
txn_0000399,card_00463,2026-01-12T23:59:43Z,55.69,utilities,AE,False,False
txn_0000400,card_00780,2026-01-02T12:11:54Z,41.97,electronics,US,False,False
txn_0000401,card_00435,2026-01-27T21:49:20Z,17.65,atm_withdrawal,US,True,False
txn_0000402,card_00820,2026-01-30T22:45:30Z,224.4,online_retail,DE,True,False
txn_0000403,card_00193,2026-01-21T22:15:25Z,199.07,grocery,IN,True,False
txn_0000404,card_00855,2026-01-13T03:03:53Z,64.5,fuel,US,False,False
txn_0000405,card_00870,2026-01-17T02:16:23Z,23.28,pharmacy,IN,True,False
txn_0000406,card_00354,2026-01-07T12:33:24Z,56.75,travel,IN,True,False
txn_0000407,card_00235,2026-01-07T09:18:01Z,10.98,atm_withdrawal,IN,True,False
txn_0000408,card_00024,2026-01-27T07:31:14Z,132.33,utilities,DE,True,False
txn_0000409,card_00015,2026-01-14T09:29:31Z,356.65,electronics,US,True,True
txn_0000410,card_00647,2026-01-29T16:32:41Z,12.76,atm_withdrawal,AE,False,False
txn_0000411,card_00735,2026-01-25T01:21:14Z,433.56,utilities,AE,False,False
txn_0000412,card_00666,2026-01-13T13:40:21Z,63.37,grocery,DE,True,False
txn_0000413,card_00173,2026-01-19T20:39:58Z,614.22,entertainment,DE,True,True
txn_0000414,card_00270,2026-01-03T20:40:55Z,4.65,entertainment,GB,False,False
txn_0000415,card_00735,2026-01-28T16:07:43Z,101.0,atm_withdrawal,GB,False,False
txn_0000416,card_00333,2026-01-16T11:57:37Z,32.48,online_retail,US,True,False
txn_0000417,card_00610,2026-01-21T16:53:54Z,36.98,fuel,SG,True,False
txn_0000418,card_00787,2026-01-17T13:32:01Z,303.28,pharmacy,SG,False,False
txn_0000419,card_00259,2026-01-01T06:54:29Z,127.56,pharmacy,DE,True,True
txn_0000420,card_00051,2026-01-02T14:01:44Z,81.73,restaurant,SG,True,False
txn_0000421,card_00209,2026-01-20T07:26:43Z,108.27,utilities,DE,True,False
txn_0000422,card_00174,2026-01-26T08:03:20Z,51.67,atm_withdrawal,GB,False,False
txn_0000423,card_00184,2026-01-12T15:32:57Z,211.08,online_retail,AE,True,True
txn_0000424,card_00309,2026-01-02T03:39:23Z,23.66,restaurant,DE,False,False
txn_0000425,card_00501,2026-01-27T12:47:00Z,127.84,fuel,GB,False,False
txn_0000426,card_00477,2026-01-26T14:30:30Z,1858.58,atm_withdrawal,IN,False,True
txn_0000427,card_00737,2026-01-30T13:20:14Z,341.26,electronics,DE,False,False
txn_0000428,card_00183,2026-01-29T00:23:05Z,20.08,pharmacy,US,True,False
txn_0000429,card_00873,2026-01-03T14:02:35Z,101.51,atm_withdrawal,DE,True,False
txn_0000430,card_00344,2026-01-08T02:48:16Z,123.75,online_retail,DE,True,False
txn_0000431,card_00228,2026-01-10T11:26:33Z,29.82,travel,US,True,False
txn_0000432,card_00500,2026-01-14T21:01:06Z,65.89,grocery,SG,False,False
txn_0000433,card_00498,2026-01-05T17:14:16Z,30.85,online_retail,DE,False,False
txn_0000434,card_00875,2026-01-30T18:30:14Z,104.5,online_retail,US,False,False
txn_0000435,card_00709,2026-01-12T15:32:21Z,204.72,electronics,US,True,False
txn_0000436,card_00843,2026-01-20T01:45:55Z,290.9,restaurant,GB,True,False
txn_0000437,card_00330,2026-01-09T01:19:55Z,89.86,entertainment,US,True,False
txn_0000438,card_00037,2026-01-15T07:24:57Z,59.79,entertainment,GB,False,False
txn_0000439,card_00692,2026-01-05T11:23:04Z,77.17,utilities,US,True,False
txn_0000440,card_00013,2026-01-21T20:10:32Z,121.52,restaurant,US,True,False
txn_0000441,card_00645,2026-01-30T04:25:33Z,91.32,restaurant,GB,False,False
txn_0000442,card_00856,2026-01-06T05:34:19Z,14.29,restaurant,AE,True,False
txn_0000443,card_00564,2026-01-13T08:49:41Z,191.42,travel,SG,True,False
txn_0000444,card_00538,2026-01-29T22:04:53Z,30.98,travel,US,False,False
txn_0000445,card_00828,2026-01-14T20:06:05Z,12.42,fuel,DE,False,False
txn_0000446,card_00381,2026-01-20T11:48:43Z,90.15,electronics,IN,False,False
txn_0000447,card_00258,2026-01-12T10:34:01Z,219.88,entertainment,US,False,False
txn_0000448,card_00868,2026-01-17T21:28:57Z,11.23,utilities,IN,True,False
txn_0000449,card_00295,2026-01-23T08:41:56Z,91.04,utilities,SG,True,False
txn_0000450,card_00563,2026-01-02T23:24:44Z,105.89,entertainment,US,False,False
txn_0000451,card_00875,2026-01-27T01:35:48Z,101.04,grocery,IN,False,False
txn_0000452,card_00747,2026-01-29T04:11:33Z,23.55,utilities,IN,True,False
txn_0000453,card_00314,2026-01-09T10:40:43Z,199.38,electronics,US,True,False
txn_0000454,card_00208,2026-01-29T14:21:20Z,246.16,online_retail,DE,True,False
txn_0000455,card_00054,2026-01-30T20:39:07Z,24.01,pharmacy,IN,False,False
txn_0000456,card_00255,2026-01-03T02:51:16Z,11.4,atm_withdrawal,DE,False,False
txn_0000457,card_00728,2026-01-04T19:29:13Z,34.95,electronics,IN,True,False
txn_0000458,card_00473,2026-01-09T06:05:18Z,56.58,atm_withdrawal,US,True,False
txn_0000459,card_00499,2026-01-26T03:33:44Z,28.32,fuel,US,True,False
txn_0000460,card_00698,2026-01-09T23:05:35Z,62.38,utilities,US,True,False
txn_0000461,card_00783,2026-01-15T19:14:59Z,1868.18,entertainment,US,False,False
txn_0000462,card_00070,2026-01-19T15:55:59Z,94.04,entertainment,DE,False,False
txn_0000463,card_00394,2026-01-06T13:29:16Z,131.26,fuel,DE,True,False
txn_0000464,card_00385,2026-01-22T02:54:27Z,33.02,atm_withdrawal,IN,True,False
txn_0000465,card_00114,2026-01-22T21:12:52Z,1.56,atm_withdrawal,SG,False,False
txn_0000466,card_00077,2026-01-16T16:01:43Z,61.23,online_retail,DE,True,False
txn_0000467,card_00695,2026-01-12T04:58:40Z,98.18,grocery,DE,False,False
txn_0000468,card_00560,2026-01-22T19:50:29Z,104.93,pharmacy,AE,True,False
txn_0000469,card_00067,2026-01-21T09:04:25Z,798.42,travel,GB,True,True
txn_0000470,card_00517,2026-01-17T13:44:22Z,208.47,atm_withdrawal,GB,True,False
txn_0000471,card_00690,2026-01-04T04:43:38Z,395.29,restaurant,IN,True,False
txn_0000472,card_00296,2026-01-27T04:13:19Z,389.76,entertainment,AE,True,False
txn_0000473,card_00297,2026-01-03T13:30:59Z,13.32,electronics,SG,False,False
txn_0000474,card_00093,2026-01-14T07:12:05Z,62.67,entertainment,DE,True,False
txn_0000475,card_00650,2026-01-17T21:18:36Z,123.11,online_retail,IN,True,False
txn_0000476,card_00587,2026-01-27T06:21:58Z,41.83,grocery,IN,False,False
txn_0000477,card_00353,2026-01-27T12:01:57Z,148.98,fuel,DE,False,False
txn_0000478,card_00856,2026-01-06T09:58:04Z,555.95,entertainment,GB,True,False
txn_0000479,card_00777,2026-01-03T19:20:53Z,535.69,fuel,SG,False,False
txn_0000480,card_00547,2026-01-01T07:38:05Z,60.17,restaurant,US,True,False
txn_0000481,card_00757,2026-01-16T19:55:27Z,89.52,electronics,IN,False,False
txn_0000482,card_00772,2026-01-27T15:44:15Z,102.28,pharmacy,GB,True,False
txn_0000483,card_00093,2026-01-30T09:34:36Z,42.64,entertainment,AE,True,False
txn_0000484,card_00608,2026-01-13T19:34:59Z,20.52,fuel,US,True,False
txn_0000485,card_00559,2026-01-05T02:02:14Z,55.32,electronics,IN,True,False
txn_0000486,card_00481,2026-01-28T07:45:31Z,59.32,pharmacy,DE,False,False
txn_0000487,card_00110,2026-01-13T06:56:13Z,58.69,pharmacy,US,False,False
txn_0000488,card_00630,2026-01-13T15:09:16Z,121.61,atm_withdrawal,AE,False,False
txn_0000489,card_00155,2026-01-29T15:25:27Z,68.87,fuel,DE,False,False
txn_0000490,card_00761,2026-01-11T16:00:46Z,43.58,travel,GB,False,False
txn_0000491,card_00117,2026-01-04T14:48:25Z,162.72,travel,AE,False,False
txn_0000492,card_00743,2026-01-16T20:08:42Z,50.74,travel,US,True,False
txn_0000493,card_00629,2026-01-14T06:03:40Z,416.2,restaurant,AE,True,False
txn_0000494,card_00111,2026-01-02T22:16:29Z,213.62,utilities,IN,True,False
txn_0000495,card_00791,2026-01-07T12:58:25Z,12.29,online_retail,GB,False,False
txn_0000496,card_00785,2026-01-26T18:20:31Z,347.31,entertainment,SG,False,False
txn_0000497,card_00004,2026-01-02T10:46:04Z,214.86,fuel,US,True,False
txn_0000498,card_00866,2026-01-02T17:49:48Z,125.27,entertainment,AE,False,False
txn_0000499,card_00885,2026-01-01T19:43:03Z,96.69,pharmacy,DE,False,False
